id,name,formula,inchi,added by,comment
EMBL_dev1_59,DHB; 0*M+1*(M-H2O)-0*H+0*K+0*Na,C7H4O3,,Theodore,DHB matrix cluster
EMBL_dev1_60,DHB; 0*M+1*(M-H2O)-1*H+0*K+1*Na,C7H3NaO3,,Theodore,DHB matrix cluster
EMBL_dev1_61,DHB; 0*M+1*(M-H2O)-2*H+0*K+2*Na,C7H2Na2O3,,Theodore,DHB matrix cluster
EMBL_dev1_62,DHB; 0*M+1*(M-H2O)-1*H+1*K+0*Na,C7H3KO3,,Theodore,DHB matrix cluster
EMBL_dev1_63,DHB; 0*M+1*(M-H2O)-2*H+1*K+1*Na,C7H2NaKO3,,Theodore,DHB matrix cluster
EMBL_dev1_64,DHB; 0*M+1*(M-H2O)-2*H+2*K+0*Na,C7H2K2O3,,Theodore,DHB matrix cluster
EMBL_dev1_65,DHB; 0*M+2*(M-H2O)-0*H+0*K+0*Na,C14H8O6,,Theodore,DHB matrix cluster
EMBL_dev1_66,DHB; 0*M+2*(M-H2O)-1*H+0*K+1*Na,C14H7NaO6,,Theodore,DHB matrix cluster
EMBL_dev1_67,DHB; 0*M+2*(M-H2O)-2*H+0*K+2*Na,C14H6Na2O6,,Theodore,DHB matrix cluster
EMBL_dev1_68,DHB; 0*M+2*(M-H2O)-3*H+0*K+3*Na,C14H5Na3O6,,Theodore,DHB matrix cluster
EMBL_dev1_69,DHB; 0*M+2*(M-H2O)-1*H+1*K+0*Na,C14H7KO6,,Theodore,DHB matrix cluster
EMBL_dev1_70,DHB; 0*M+2*(M-H2O)-2*H+1*K+1*Na,C14H6NaKO6,,Theodore,DHB matrix cluster
EMBL_dev1_71,DHB; 0*M+2*(M-H2O)-3*H+1*K+2*Na,C14H5Na2KO6,,Theodore,DHB matrix cluster
EMBL_dev1_72,DHB; 0*M+2*(M-H2O)-2*H+2*K+0*Na,C14H6K2O6,,Theodore,DHB matrix cluster
EMBL_dev1_73,DHB; 0*M+2*(M-H2O)-3*H+2*K+1*Na,C14H5NaK2O6,,Theodore,DHB matrix cluster
EMBL_dev1_74,DHB; 0*M+2*(M-H2O)-3*H+3*K+0*Na,C14H5K3O6,,Theodore,DHB matrix cluster
EMBL_dev1_75,DHB; 0*M+3*(M-H2O)-0*H+0*K+0*Na,C21H12O9,,Theodore,DHB matrix cluster
EMBL_dev1_76,DHB; 0*M+3*(M-H2O)-1*H+0*K+1*Na,C21H11NaO9,,Theodore,DHB matrix cluster
EMBL_dev1_77,DHB; 0*M+3*(M-H2O)-2*H+0*K+2*Na,C21H10Na2O9,,Theodore,DHB matrix cluster
EMBL_dev1_78,DHB; 0*M+3*(M-H2O)-3*H+0*K+3*Na,C21H9Na3O9,,Theodore,DHB matrix cluster
EMBL_dev1_79,DHB; 0*M+3*(M-H2O)-1*H+1*K+0*Na,C21H11KO9,,Theodore,DHB matrix cluster
EMBL_dev1_80,DHB; 0*M+3*(M-H2O)-2*H+1*K+1*Na,C21H10NaKO9,,Theodore,DHB matrix cluster
EMBL_dev1_81,DHB; 0*M+3*(M-H2O)-3*H+1*K+2*Na,C21H9Na2KO9,,Theodore,DHB matrix cluster
EMBL_dev1_82,DHB; 0*M+3*(M-H2O)-4*H+1*K+3*Na,C21H8Na3KO9,,Theodore,DHB matrix cluster
EMBL_dev1_83,DHB; 0*M+3*(M-H2O)-2*H+2*K+0*Na,C21H10K2O9,,Theodore,DHB matrix cluster
EMBL_dev1_84,DHB; 0*M+3*(M-H2O)-3*H+2*K+1*Na,C21H9NaK2O9,,Theodore,DHB matrix cluster
EMBL_dev1_85,DHB; 0*M+3*(M-H2O)-4*H+2*K+2*Na,C21H8Na2K2O9,,Theodore,DHB matrix cluster
EMBL_dev1_86,DHB; 0*M+3*(M-H2O)-3*H+3*K+0*Na,C21H9K3O9,,Theodore,DHB matrix cluster
EMBL_dev1_87,DHB; 0*M+3*(M-H2O)-4*H+3*K+1*Na,C21H8NaK3O9,,Theodore,DHB matrix cluster
EMBL_dev1_88,DHB; 0*M+4*(M-H2O)-0*H+0*K+0*Na,C28H16O12,,Theodore,DHB matrix cluster
EMBL_dev1_89,DHB; 0*M+4*(M-H2O)-1*H+0*K+1*Na,C28H15NaO12,,Theodore,DHB matrix cluster
EMBL_dev1_90,DHB; 0*M+4*(M-H2O)-2*H+0*K+2*Na,C28H14Na2O12,,Theodore,DHB matrix cluster
EMBL_dev1_91,DHB; 0*M+4*(M-H2O)-3*H+0*K+3*Na,C28H13Na3O12,,Theodore,DHB matrix cluster
EMBL_dev1_92,DHB; 0*M+4*(M-H2O)-1*H+1*K+0*Na,C28H15KO12,,Theodore,DHB matrix cluster
EMBL_dev1_93,DHB; 0*M+4*(M-H2O)-2*H+1*K+1*Na,C28H14NaKO12,,Theodore,DHB matrix cluster
EMBL_dev1_94,DHB; 0*M+4*(M-H2O)-3*H+1*K+2*Na,C28H13Na2KO12,,Theodore,DHB matrix cluster
EMBL_dev1_95,DHB; 0*M+4*(M-H2O)-4*H+1*K+3*Na,C28H12Na3KO12,,Theodore,DHB matrix cluster
EMBL_dev1_96,DHB; 0*M+4*(M-H2O)-2*H+2*K+0*Na,C28H14K2O12,,Theodore,DHB matrix cluster
EMBL_dev1_97,DHB; 0*M+4*(M-H2O)-3*H+2*K+1*Na,C28H13NaK2O12,,Theodore,DHB matrix cluster
EMBL_dev1_98,DHB; 0*M+4*(M-H2O)-4*H+2*K+2*Na,C28H12Na2K2O12,,Theodore,DHB matrix cluster
EMBL_dev1_99,DHB; 0*M+4*(M-H2O)-5*H+2*K+3*Na,C28H11Na3K2O12,,Theodore,DHB matrix cluster
EMBL_dev1_100,DHB; 0*M+4*(M-H2O)-3*H+3*K+0*Na,C28H13K3O12,,Theodore,DHB matrix cluster
EMBL_dev1_101,DHB; 0*M+4*(M-H2O)-4*H+3*K+1*Na,C28H12NaK3O12,,Theodore,DHB matrix cluster
EMBL_dev1_102,DHB; 0*M+4*(M-H2O)-5*H+3*K+2*Na,C28H11Na2K3O12,,Theodore,DHB matrix cluster
EMBL_dev1_103,DHB; 0*M+5*(M-H2O)-0*H+0*K+0*Na,C35H20O15,,Theodore,DHB matrix cluster
EMBL_dev1_104,DHB; 0*M+5*(M-H2O)-1*H+0*K+1*Na,C35H19NaO15,,Theodore,DHB matrix cluster
EMBL_dev1_105,DHB; 0*M+5*(M-H2O)-2*H+0*K+2*Na,C35H18Na2O15,,Theodore,DHB matrix cluster
EMBL_dev1_106,DHB; 0*M+5*(M-H2O)-3*H+0*K+3*Na,C35H17Na3O15,,Theodore,DHB matrix cluster
EMBL_dev1_107,DHB; 0*M+5*(M-H2O)-1*H+1*K+0*Na,C35H19KO15,,Theodore,DHB matrix cluster
EMBL_dev1_108,DHB; 0*M+5*(M-H2O)-2*H+1*K+1*Na,C35H18NaKO15,,Theodore,DHB matrix cluster
EMBL_dev1_109,DHB; 0*M+5*(M-H2O)-3*H+1*K+2*Na,C35H17Na2KO15,,Theodore,DHB matrix cluster
EMBL_dev1_110,DHB; 0*M+5*(M-H2O)-4*H+1*K+3*Na,C35H16Na3KO15,,Theodore,DHB matrix cluster
EMBL_dev1_111,DHB; 0*M+5*(M-H2O)-2*H+2*K+0*Na,C35H18K2O15,,Theodore,DHB matrix cluster
EMBL_dev1_112,DHB; 0*M+5*(M-H2O)-3*H+2*K+1*Na,C35H17NaK2O15,,Theodore,DHB matrix cluster
EMBL_dev1_113,DHB; 0*M+5*(M-H2O)-4*H+2*K+2*Na,C35H16Na2K2O15,,Theodore,DHB matrix cluster
EMBL_dev1_114,DHB; 0*M+5*(M-H2O)-5*H+2*K+3*Na,C35H15Na3K2O15,,Theodore,DHB matrix cluster
EMBL_dev1_115,DHB; 0*M+5*(M-H2O)-3*H+3*K+0*Na,C35H17K3O15,,Theodore,DHB matrix cluster
EMBL_dev1_116,DHB; 0*M+5*(M-H2O)-4*H+3*K+1*Na,C35H16NaK3O15,,Theodore,DHB matrix cluster
EMBL_dev1_117,DHB; 0*M+5*(M-H2O)-5*H+3*K+2*Na,C35H15Na2K3O15,,Theodore,DHB matrix cluster
EMBL_dev1_118,DHB; 0*M+5*(M-H2O)-6*H+3*K+3*Na,C35H14Na3K3O15,,Theodore,DHB matrix cluster
EMBL_dev1_119,DHB; 0*M+6*(M-H2O)-0*H+0*K+0*Na,C42H24O18,,Theodore,DHB matrix cluster
EMBL_dev1_120,DHB; 0*M+6*(M-H2O)-1*H+0*K+1*Na,C42H23NaO18,,Theodore,DHB matrix cluster
EMBL_dev1_121,DHB; 0*M+6*(M-H2O)-2*H+0*K+2*Na,C42H22Na2O18,,Theodore,DHB matrix cluster
EMBL_dev1_122,DHB; 0*M+6*(M-H2O)-3*H+0*K+3*Na,C42H21Na3O18,,Theodore,DHB matrix cluster
EMBL_dev1_123,DHB; 0*M+6*(M-H2O)-1*H+1*K+0*Na,C42H23KO18,,Theodore,DHB matrix cluster
EMBL_dev1_124,DHB; 0*M+6*(M-H2O)-2*H+1*K+1*Na,C42H22NaKO18,,Theodore,DHB matrix cluster
EMBL_dev1_125,DHB; 0*M+6*(M-H2O)-3*H+1*K+2*Na,C42H21Na2KO18,,Theodore,DHB matrix cluster
EMBL_dev1_126,DHB; 0*M+6*(M-H2O)-4*H+1*K+3*Na,C42H20Na3KO18,,Theodore,DHB matrix cluster
EMBL_dev1_127,DHB; 0*M+6*(M-H2O)-2*H+2*K+0*Na,C42H22K2O18,,Theodore,DHB matrix cluster
EMBL_dev1_128,DHB; 0*M+6*(M-H2O)-3*H+2*K+1*Na,C42H21NaK2O18,,Theodore,DHB matrix cluster
EMBL_dev1_129,DHB; 0*M+6*(M-H2O)-4*H+2*K+2*Na,C42H20Na2K2O18,,Theodore,DHB matrix cluster
EMBL_dev1_130,DHB; 0*M+6*(M-H2O)-5*H+2*K+3*Na,C42H19Na3K2O18,,Theodore,DHB matrix cluster
EMBL_dev1_131,DHB; 0*M+6*(M-H2O)-3*H+3*K+0*Na,C42H21K3O18,,Theodore,DHB matrix cluster
EMBL_dev1_132,DHB; 0*M+6*(M-H2O)-4*H+3*K+1*Na,C42H20NaK3O18,,Theodore,DHB matrix cluster
EMBL_dev1_133,DHB; 0*M+6*(M-H2O)-5*H+3*K+2*Na,C42H19Na2K3O18,,Theodore,DHB matrix cluster
EMBL_dev1_134,DHB; 0*M+6*(M-H2O)-6*H+3*K+3*Na,C42H18Na3K3O18,,Theodore,DHB matrix cluster
EMBL_dev1_135,DHB; 0*M+7*(M-H2O)-0*H+0*K+0*Na,C49H28O21,,Theodore,DHB matrix cluster
EMBL_dev1_136,DHB; 0*M+7*(M-H2O)-1*H+0*K+1*Na,C49H27NaO21,,Theodore,DHB matrix cluster
EMBL_dev1_137,DHB; 0*M+7*(M-H2O)-2*H+0*K+2*Na,C49H26Na2O21,,Theodore,DHB matrix cluster
EMBL_dev1_138,DHB; 0*M+7*(M-H2O)-1*H+1*K+0*Na,C49H27KO21,,Theodore,DHB matrix cluster
EMBL_dev1_139,DHB; 1*M+0*(M-H2O)-0*H+0*K+0*Na,C7H6O4,,Theodore,DHB matrix cluster
EMBL_dev1_140,DHB; 1*M+0*(M-H2O)-1*H+0*K+1*Na,C7H5NaO4,,Theodore,DHB matrix cluster
EMBL_dev1_141,DHB; 1*M+0*(M-H2O)-2*H+0*K+2*Na,C7H4Na2O4,,Theodore,DHB matrix cluster
EMBL_dev1_142,DHB; 1*M+0*(M-H2O)-1*H+1*K+0*Na,C7H5KO4,,Theodore,DHB matrix cluster
EMBL_dev1_143,DHB; 1*M+0*(M-H2O)-2*H+1*K+1*Na,C7H4NaKO4,,Theodore,DHB matrix cluster
EMBL_dev1_144,DHB; 1*M+0*(M-H2O)-2*H+2*K+0*Na,C7H4K2O4,,Theodore,DHB matrix cluster
EMBL_dev1_145,DHB; 1*M+1*(M-H2O)-0*H+0*K+0*Na,C14H10O7,,Theodore,DHB matrix cluster
EMBL_dev1_146,DHB; 1*M+1*(M-H2O)-1*H+0*K+1*Na,C14H9NaO7,,Theodore,DHB matrix cluster
EMBL_dev1_147,DHB; 1*M+1*(M-H2O)-2*H+0*K+2*Na,C14H8Na2O7,,Theodore,DHB matrix cluster
EMBL_dev1_148,DHB; 1*M+1*(M-H2O)-3*H+0*K+3*Na,C14H7Na3O7,,Theodore,DHB matrix cluster
EMBL_dev1_149,DHB; 1*M+1*(M-H2O)-1*H+1*K+0*Na,C14H9KO7,,Theodore,DHB matrix cluster
EMBL_dev1_150,DHB; 1*M+1*(M-H2O)-2*H+1*K+1*Na,C14H8NaKO7,,Theodore,DHB matrix cluster
EMBL_dev1_151,DHB; 1*M+1*(M-H2O)-3*H+1*K+2*Na,C14H7Na2KO7,,Theodore,DHB matrix cluster
EMBL_dev1_152,DHB; 1*M+1*(M-H2O)-2*H+2*K+0*Na,C14H8K2O7,,Theodore,DHB matrix cluster
EMBL_dev1_153,DHB; 1*M+1*(M-H2O)-3*H+2*K+1*Na,C14H7NaK2O7,,Theodore,DHB matrix cluster
EMBL_dev1_154,DHB; 1*M+1*(M-H2O)-3*H+3*K+0*Na,C14H7K3O7,,Theodore,DHB matrix cluster
EMBL_dev1_155,DHB; 1*M+2*(M-H2O)-0*H+0*K+0*Na,C21H14O10,,Theodore,DHB matrix cluster
EMBL_dev1_156,DHB; 1*M+2*(M-H2O)-1*H+0*K+1*Na,C21H13NaO10,,Theodore,DHB matrix cluster
EMBL_dev1_157,DHB; 1*M+2*(M-H2O)-2*H+0*K+2*Na,C21H12Na2O10,,Theodore,DHB matrix cluster
EMBL_dev1_158,DHB; 1*M+2*(M-H2O)-3*H+0*K+3*Na,C21H11Na3O10,,Theodore,DHB matrix cluster
EMBL_dev1_159,DHB; 1*M+2*(M-H2O)-1*H+1*K+0*Na,C21H13KO10,,Theodore,DHB matrix cluster
EMBL_dev1_160,DHB; 1*M+2*(M-H2O)-2*H+1*K+1*Na,C21H12NaKO10,,Theodore,DHB matrix cluster
EMBL_dev1_161,DHB; 1*M+2*(M-H2O)-3*H+1*K+2*Na,C21H11Na2KO10,,Theodore,DHB matrix cluster
EMBL_dev1_162,DHB; 1*M+2*(M-H2O)-4*H+1*K+3*Na,C21H10Na3KO10,,Theodore,DHB matrix cluster
EMBL_dev1_163,DHB; 1*M+2*(M-H2O)-2*H+2*K+0*Na,C21H12K2O10,,Theodore,DHB matrix cluster
EMBL_dev1_164,DHB; 1*M+2*(M-H2O)-3*H+2*K+1*Na,C21H11NaK2O10,,Theodore,DHB matrix cluster
EMBL_dev1_165,DHB; 1*M+2*(M-H2O)-4*H+2*K+2*Na,C21H10Na2K2O10,,Theodore,DHB matrix cluster
EMBL_dev1_166,DHB; 1*M+2*(M-H2O)-3*H+3*K+0*Na,C21H11K3O10,,Theodore,DHB matrix cluster
EMBL_dev1_167,DHB; 1*M+2*(M-H2O)-4*H+3*K+1*Na,C21H10NaK3O10,,Theodore,DHB matrix cluster
EMBL_dev1_168,DHB; 1*M+3*(M-H2O)-0*H+0*K+0*Na,C28H18O13,,Theodore,DHB matrix cluster
EMBL_dev1_169,DHB; 1*M+3*(M-H2O)-1*H+0*K+1*Na,C28H17NaO13,,Theodore,DHB matrix cluster
EMBL_dev1_170,DHB; 1*M+3*(M-H2O)-2*H+0*K+2*Na,C28H16Na2O13,,Theodore,DHB matrix cluster
EMBL_dev1_171,DHB; 1*M+3*(M-H2O)-3*H+0*K+3*Na,C28H15Na3O13,,Theodore,DHB matrix cluster
EMBL_dev1_172,DHB; 1*M+3*(M-H2O)-1*H+1*K+0*Na,C28H17KO13,,Theodore,DHB matrix cluster
EMBL_dev1_173,DHB; 1*M+3*(M-H2O)-2*H+1*K+1*Na,C28H16NaKO13,,Theodore,DHB matrix cluster
EMBL_dev1_174,DHB; 1*M+3*(M-H2O)-3*H+1*K+2*Na,C28H15Na2KO13,,Theodore,DHB matrix cluster
EMBL_dev1_175,DHB; 1*M+3*(M-H2O)-4*H+1*K+3*Na,C28H14Na3KO13,,Theodore,DHB matrix cluster
EMBL_dev1_176,DHB; 1*M+3*(M-H2O)-2*H+2*K+0*Na,C28H16K2O13,,Theodore,DHB matrix cluster
EMBL_dev1_177,DHB; 1*M+3*(M-H2O)-3*H+2*K+1*Na,C28H15NaK2O13,,Theodore,DHB matrix cluster
EMBL_dev1_178,DHB; 1*M+3*(M-H2O)-4*H+2*K+2*Na,C28H14Na2K2O13,,Theodore,DHB matrix cluster
EMBL_dev1_179,DHB; 1*M+3*(M-H2O)-5*H+2*K+3*Na,C28H13Na3K2O13,,Theodore,DHB matrix cluster
EMBL_dev1_180,DHB; 1*M+3*(M-H2O)-3*H+3*K+0*Na,C28H15K3O13,,Theodore,DHB matrix cluster
EMBL_dev1_181,DHB; 1*M+3*(M-H2O)-4*H+3*K+1*Na,C28H14NaK3O13,,Theodore,DHB matrix cluster
EMBL_dev1_182,DHB; 1*M+3*(M-H2O)-5*H+3*K+2*Na,C28H13Na2K3O13,,Theodore,DHB matrix cluster
EMBL_dev1_183,DHB; 1*M+4*(M-H2O)-0*H+0*K+0*Na,C35H22O16,,Theodore,DHB matrix cluster
EMBL_dev1_184,DHB; 1*M+4*(M-H2O)-1*H+0*K+1*Na,C35H21NaO16,,Theodore,DHB matrix cluster
EMBL_dev1_185,DHB; 1*M+4*(M-H2O)-2*H+0*K+2*Na,C35H20Na2O16,,Theodore,DHB matrix cluster
EMBL_dev1_186,DHB; 1*M+4*(M-H2O)-3*H+0*K+3*Na,C35H19Na3O16,,Theodore,DHB matrix cluster
EMBL_dev1_187,DHB; 1*M+4*(M-H2O)-1*H+1*K+0*Na,C35H21KO16,,Theodore,DHB matrix cluster
EMBL_dev1_188,DHB; 1*M+4*(M-H2O)-2*H+1*K+1*Na,C35H20NaKO16,,Theodore,DHB matrix cluster
EMBL_dev1_189,DHB; 1*M+4*(M-H2O)-3*H+1*K+2*Na,C35H19Na2KO16,,Theodore,DHB matrix cluster
EMBL_dev1_190,DHB; 1*M+4*(M-H2O)-4*H+1*K+3*Na,C35H18Na3KO16,,Theodore,DHB matrix cluster
EMBL_dev1_191,DHB; 1*M+4*(M-H2O)-2*H+2*K+0*Na,C35H20K2O16,,Theodore,DHB matrix cluster
EMBL_dev1_192,DHB; 1*M+4*(M-H2O)-3*H+2*K+1*Na,C35H19NaK2O16,,Theodore,DHB matrix cluster
EMBL_dev1_193,DHB; 1*M+4*(M-H2O)-4*H+2*K+2*Na,C35H18Na2K2O16,,Theodore,DHB matrix cluster
EMBL_dev1_194,DHB; 1*M+4*(M-H2O)-5*H+2*K+3*Na,C35H17Na3K2O16,,Theodore,DHB matrix cluster
EMBL_dev1_195,DHB; 1*M+4*(M-H2O)-3*H+3*K+0*Na,C35H19K3O16,,Theodore,DHB matrix cluster
EMBL_dev1_196,DHB; 1*M+4*(M-H2O)-4*H+3*K+1*Na,C35H18NaK3O16,,Theodore,DHB matrix cluster
EMBL_dev1_197,DHB; 1*M+4*(M-H2O)-5*H+3*K+2*Na,C35H17Na2K3O16,,Theodore,DHB matrix cluster
EMBL_dev1_198,DHB; 1*M+4*(M-H2O)-6*H+3*K+3*Na,C35H16Na3K3O16,,Theodore,DHB matrix cluster
EMBL_dev1_199,DHB; 1*M+5*(M-H2O)-0*H+0*K+0*Na,C42H26O19,,Theodore,DHB matrix cluster
EMBL_dev1_200,DHB; 1*M+5*(M-H2O)-1*H+0*K+1*Na,C42H25NaO19,,Theodore,DHB matrix cluster
EMBL_dev1_201,DHB; 1*M+5*(M-H2O)-2*H+0*K+2*Na,C42H24Na2O19,,Theodore,DHB matrix cluster
EMBL_dev1_202,DHB; 1*M+5*(M-H2O)-3*H+0*K+3*Na,C42H23Na3O19,,Theodore,DHB matrix cluster
EMBL_dev1_203,DHB; 1*M+5*(M-H2O)-1*H+1*K+0*Na,C42H25KO19,,Theodore,DHB matrix cluster
EMBL_dev1_204,DHB; 1*M+5*(M-H2O)-2*H+1*K+1*Na,C42H24NaKO19,,Theodore,DHB matrix cluster
EMBL_dev1_205,DHB; 1*M+5*(M-H2O)-3*H+1*K+2*Na,C42H23Na2KO19,,Theodore,DHB matrix cluster
EMBL_dev1_206,DHB; 1*M+5*(M-H2O)-4*H+1*K+3*Na,C42H22Na3KO19,,Theodore,DHB matrix cluster
EMBL_dev1_207,DHB; 1*M+5*(M-H2O)-2*H+2*K+0*Na,C42H24K2O19,,Theodore,DHB matrix cluster
EMBL_dev1_208,DHB; 1*M+5*(M-H2O)-3*H+2*K+1*Na,C42H23NaK2O19,,Theodore,DHB matrix cluster
EMBL_dev1_209,DHB; 1*M+5*(M-H2O)-4*H+2*K+2*Na,C42H22Na2K2O19,,Theodore,DHB matrix cluster
EMBL_dev1_210,DHB; 1*M+5*(M-H2O)-5*H+2*K+3*Na,C42H21Na3K2O19,,Theodore,DHB matrix cluster
EMBL_dev1_211,DHB; 1*M+5*(M-H2O)-3*H+3*K+0*Na,C42H23K3O19,,Theodore,DHB matrix cluster
EMBL_dev1_212,DHB; 1*M+5*(M-H2O)-4*H+3*K+1*Na,C42H22NaK3O19,,Theodore,DHB matrix cluster
EMBL_dev1_213,DHB; 1*M+5*(M-H2O)-5*H+3*K+2*Na,C42H21Na2K3O19,,Theodore,DHB matrix cluster
EMBL_dev1_214,DHB; 1*M+6*(M-H2O)-0*H+0*K+0*Na,C49H30O22,,Theodore,DHB matrix cluster
EMBL_dev1_215,DHB; 1*M+6*(M-H2O)-1*H+0*K+1*Na,C49H29NaO22,,Theodore,DHB matrix cluster
EMBL_dev1_216,DHB; 2*M+0*(M-H2O)-0*H+0*K+0*Na,C14H12O8,,Theodore,DHB matrix cluster
EMBL_dev1_217,DHB; 2*M+0*(M-H2O)-1*H+0*K+1*Na,C14H11NaO8,,Theodore,DHB matrix cluster
EMBL_dev1_218,DHB; 2*M+0*(M-H2O)-2*H+0*K+2*Na,C14H10Na2O8,,Theodore,DHB matrix cluster
EMBL_dev1_219,DHB; 2*M+0*(M-H2O)-3*H+0*K+3*Na,C14H9Na3O8,,Theodore,DHB matrix cluster
EMBL_dev1_220,DHB; 2*M+0*(M-H2O)-1*H+1*K+0*Na,C14H11KO8,,Theodore,DHB matrix cluster
EMBL_dev1_221,DHB; 2*M+0*(M-H2O)-2*H+1*K+1*Na,C14H10NaKO8,,Theodore,DHB matrix cluster
EMBL_dev1_222,DHB; 2*M+0*(M-H2O)-3*H+1*K+2*Na,C14H9Na2KO8,,Theodore,DHB matrix cluster
EMBL_dev1_223,DHB; 2*M+0*(M-H2O)-2*H+2*K+0*Na,C14H10K2O8,,Theodore,DHB matrix cluster
EMBL_dev1_224,DHB; 2*M+0*(M-H2O)-3*H+2*K+1*Na,C14H9NaK2O8,,Theodore,DHB matrix cluster
EMBL_dev1_225,DHB; 2*M+0*(M-H2O)-3*H+3*K+0*Na,C14H9K3O8,,Theodore,DHB matrix cluster
EMBL_dev1_226,DHB; 2*M+1*(M-H2O)-0*H+0*K+0*Na,C21H16O11,,Theodore,DHB matrix cluster
EMBL_dev1_227,DHB; 2*M+1*(M-H2O)-1*H+0*K+1*Na,C21H15NaO11,,Theodore,DHB matrix cluster
EMBL_dev1_228,DHB; 2*M+1*(M-H2O)-2*H+0*K+2*Na,C21H14Na2O11,,Theodore,DHB matrix cluster
EMBL_dev1_229,DHB; 2*M+1*(M-H2O)-3*H+0*K+3*Na,C21H13Na3O11,,Theodore,DHB matrix cluster
EMBL_dev1_230,DHB; 2*M+1*(M-H2O)-1*H+1*K+0*Na,C21H15KO11,,Theodore,DHB matrix cluster
EMBL_dev1_231,DHB; 2*M+1*(M-H2O)-2*H+1*K+1*Na,C21H14NaKO11,,Theodore,DHB matrix cluster
EMBL_dev1_232,DHB; 2*M+1*(M-H2O)-3*H+1*K+2*Na,C21H13Na2KO11,,Theodore,DHB matrix cluster
EMBL_dev1_233,DHB; 2*M+1*(M-H2O)-4*H+1*K+3*Na,C21H12Na3KO11,,Theodore,DHB matrix cluster
EMBL_dev1_234,DHB; 2*M+1*(M-H2O)-2*H+2*K+0*Na,C21H14K2O11,,Theodore,DHB matrix cluster
EMBL_dev1_235,DHB; 2*M+1*(M-H2O)-3*H+2*K+1*Na,C21H13NaK2O11,,Theodore,DHB matrix cluster
EMBL_dev1_236,DHB; 2*M+1*(M-H2O)-4*H+2*K+2*Na,C21H12Na2K2O11,,Theodore,DHB matrix cluster
EMBL_dev1_237,DHB; 2*M+1*(M-H2O)-3*H+3*K+0*Na,C21H13K3O11,,Theodore,DHB matrix cluster
EMBL_dev1_238,DHB; 2*M+1*(M-H2O)-4*H+3*K+1*Na,C21H12NaK3O11,,Theodore,DHB matrix cluster
EMBL_dev1_239,DHB; 2*M+2*(M-H2O)-0*H+0*K+0*Na,C28H20O14,,Theodore,DHB matrix cluster
EMBL_dev1_240,DHB; 2*M+2*(M-H2O)-1*H+0*K+1*Na,C28H19NaO14,,Theodore,DHB matrix cluster
EMBL_dev1_241,DHB; 2*M+2*(M-H2O)-2*H+0*K+2*Na,C28H18Na2O14,,Theodore,DHB matrix cluster
EMBL_dev1_242,DHB; 2*M+2*(M-H2O)-3*H+0*K+3*Na,C28H17Na3O14,,Theodore,DHB matrix cluster
EMBL_dev1_243,DHB; 2*M+2*(M-H2O)-1*H+1*K+0*Na,C28H19KO14,,Theodore,DHB matrix cluster
EMBL_dev1_244,DHB; 2*M+2*(M-H2O)-2*H+1*K+1*Na,C28H18NaKO14,,Theodore,DHB matrix cluster
EMBL_dev1_245,DHB; 2*M+2*(M-H2O)-3*H+1*K+2*Na,C28H17Na2KO14,,Theodore,DHB matrix cluster
EMBL_dev1_246,DHB; 2*M+2*(M-H2O)-4*H+1*K+3*Na,C28H16Na3KO14,,Theodore,DHB matrix cluster
EMBL_dev1_247,DHB; 2*M+2*(M-H2O)-2*H+2*K+0*Na,C28H18K2O14,,Theodore,DHB matrix cluster
EMBL_dev1_248,DHB; 2*M+2*(M-H2O)-3*H+2*K+1*Na,C28H17NaK2O14,,Theodore,DHB matrix cluster
EMBL_dev1_249,DHB; 2*M+2*(M-H2O)-4*H+2*K+2*Na,C28H16Na2K2O14,,Theodore,DHB matrix cluster
EMBL_dev1_250,DHB; 2*M+2*(M-H2O)-5*H+2*K+3*Na,C28H15Na3K2O14,,Theodore,DHB matrix cluster
EMBL_dev1_251,DHB; 2*M+2*(M-H2O)-3*H+3*K+0*Na,C28H17K3O14,,Theodore,DHB matrix cluster
EMBL_dev1_252,DHB; 2*M+2*(M-H2O)-4*H+3*K+1*Na,C28H16NaK3O14,,Theodore,DHB matrix cluster
EMBL_dev1_253,DHB; 2*M+2*(M-H2O)-5*H+3*K+2*Na,C28H15Na2K3O14,,Theodore,DHB matrix cluster
EMBL_dev1_254,DHB; 2*M+3*(M-H2O)-0*H+0*K+0*Na,C35H24O17,,Theodore,DHB matrix cluster
EMBL_dev1_255,DHB; 2*M+3*(M-H2O)-1*H+0*K+1*Na,C35H23NaO17,,Theodore,DHB matrix cluster
EMBL_dev1_256,DHB; 2*M+3*(M-H2O)-2*H+0*K+2*Na,C35H22Na2O17,,Theodore,DHB matrix cluster
EMBL_dev1_257,DHB; 2*M+3*(M-H2O)-3*H+0*K+3*Na,C35H21Na3O17,,Theodore,DHB matrix cluster
EMBL_dev1_258,DHB; 2*M+3*(M-H2O)-1*H+1*K+0*Na,C35H23KO17,,Theodore,DHB matrix cluster
EMBL_dev1_259,DHB; 2*M+3*(M-H2O)-2*H+1*K+1*Na,C35H22NaKO17,,Theodore,DHB matrix cluster
EMBL_dev1_260,DHB; 2*M+3*(M-H2O)-3*H+1*K+2*Na,C35H21Na2KO17,,Theodore,DHB matrix cluster
EMBL_dev1_261,DHB; 2*M+3*(M-H2O)-4*H+1*K+3*Na,C35H20Na3KO17,,Theodore,DHB matrix cluster
EMBL_dev1_262,DHB; 2*M+3*(M-H2O)-2*H+2*K+0*Na,C35H22K2O17,,Theodore,DHB matrix cluster
EMBL_dev1_263,DHB; 2*M+3*(M-H2O)-3*H+2*K+1*Na,C35H21NaK2O17,,Theodore,DHB matrix cluster
EMBL_dev1_264,DHB; 2*M+3*(M-H2O)-4*H+2*K+2*Na,C35H20Na2K2O17,,Theodore,DHB matrix cluster
EMBL_dev1_265,DHB; 2*M+3*(M-H2O)-5*H+2*K+3*Na,C35H19Na3K2O17,,Theodore,DHB matrix cluster
EMBL_dev1_266,DHB; 2*M+3*(M-H2O)-3*H+3*K+0*Na,C35H21K3O17,,Theodore,DHB matrix cluster
EMBL_dev1_267,DHB; 2*M+3*(M-H2O)-4*H+3*K+1*Na,C35H20NaK3O17,,Theodore,DHB matrix cluster
EMBL_dev1_268,DHB; 2*M+3*(M-H2O)-5*H+3*K+2*Na,C35H19Na2K3O17,,Theodore,DHB matrix cluster
EMBL_dev1_269,DHB; 2*M+3*(M-H2O)-6*H+3*K+3*Na,C35H18Na3K3O17,,Theodore,DHB matrix cluster
EMBL_dev1_270,DHB; 2*M+4*(M-H2O)-0*H+0*K+0*Na,C42H28O20,,Theodore,DHB matrix cluster
EMBL_dev1_271,DHB; 2*M+4*(M-H2O)-1*H+0*K+1*Na,C42H27NaO20,,Theodore,DHB matrix cluster
EMBL_dev1_272,DHB; 2*M+4*(M-H2O)-2*H+0*K+2*Na,C42H26Na2O20,,Theodore,DHB matrix cluster
EMBL_dev1_273,DHB; 2*M+4*(M-H2O)-3*H+0*K+3*Na,C42H25Na3O20,,Theodore,DHB matrix cluster
EMBL_dev1_274,DHB; 2*M+4*(M-H2O)-1*H+1*K+0*Na,C42H27KO20,,Theodore,DHB matrix cluster
EMBL_dev1_275,DHB; 2*M+4*(M-H2O)-2*H+1*K+1*Na,C42H26NaKO20,,Theodore,DHB matrix cluster
EMBL_dev1_276,DHB; 2*M+4*(M-H2O)-3*H+1*K+2*Na,C42H25Na2KO20,,Theodore,DHB matrix cluster
EMBL_dev1_277,DHB; 2*M+4*(M-H2O)-4*H+1*K+3*Na,C42H24Na3KO20,,Theodore,DHB matrix cluster
EMBL_dev1_278,DHB; 2*M+4*(M-H2O)-2*H+2*K+0*Na,C42H26K2O20,,Theodore,DHB matrix cluster
EMBL_dev1_279,DHB; 2*M+4*(M-H2O)-3*H+2*K+1*Na,C42H25NaK2O20,,Theodore,DHB matrix cluster
EMBL_dev1_280,DHB; 2*M+4*(M-H2O)-4*H+2*K+2*Na,C42H24Na2K2O20,,Theodore,DHB matrix cluster
EMBL_dev1_281,DHB; 2*M+4*(M-H2O)-5*H+2*K+3*Na,C42H23Na3K2O20,,Theodore,DHB matrix cluster
EMBL_dev1_282,DHB; 2*M+4*(M-H2O)-3*H+3*K+0*Na,C42H25K3O20,,Theodore,DHB matrix cluster
EMBL_dev1_283,DHB; 2*M+4*(M-H2O)-4*H+3*K+1*Na,C42H24NaK3O20,,Theodore,DHB matrix cluster
EMBL_dev1_284,DHB; 2*M+5*(M-H2O)-0*H+0*K+0*Na,C49H32O23,,Theodore,DHB matrix cluster
EMBL_dev1_285,DHB; 3*M+0*(M-H2O)-0*H+0*K+0*Na,C21H18O12,,Theodore,DHB matrix cluster
EMBL_dev1_286,DHB; 3*M+0*(M-H2O)-1*H+0*K+1*Na,C21H17NaO12,,Theodore,DHB matrix cluster
EMBL_dev1_287,DHB; 3*M+0*(M-H2O)-2*H+0*K+2*Na,C21H16Na2O12,,Theodore,DHB matrix cluster
EMBL_dev1_288,DHB; 3*M+0*(M-H2O)-3*H+0*K+3*Na,C21H15Na3O12,,Theodore,DHB matrix cluster
EMBL_dev1_289,DHB; 3*M+0*(M-H2O)-1*H+1*K+0*Na,C21H17KO12,,Theodore,DHB matrix cluster
EMBL_dev1_290,DHB; 3*M+0*(M-H2O)-2*H+1*K+1*Na,C21H16NaKO12,,Theodore,DHB matrix cluster
EMBL_dev1_291,DHB; 3*M+0*(M-H2O)-3*H+1*K+2*Na,C21H15Na2KO12,,Theodore,DHB matrix cluster
EMBL_dev1_292,DHB; 3*M+0*(M-H2O)-4*H+1*K+3*Na,C21H14Na3KO12,,Theodore,DHB matrix cluster
EMBL_dev1_293,DHB; 3*M+0*(M-H2O)-2*H+2*K+0*Na,C21H16K2O12,,Theodore,DHB matrix cluster
EMBL_dev1_294,DHB; 3*M+0*(M-H2O)-3*H+2*K+1*Na,C21H15NaK2O12,,Theodore,DHB matrix cluster
EMBL_dev1_295,DHB; 3*M+0*(M-H2O)-4*H+2*K+2*Na,C21H14Na2K2O12,,Theodore,DHB matrix cluster
EMBL_dev1_296,DHB; 3*M+0*(M-H2O)-3*H+3*K+0*Na,C21H15K3O12,,Theodore,DHB matrix cluster
EMBL_dev1_297,DHB; 3*M+0*(M-H2O)-4*H+3*K+1*Na,C21H14NaK3O12,,Theodore,DHB matrix cluster
EMBL_dev1_298,DHB; 3*M+1*(M-H2O)-0*H+0*K+0*Na,C28H22O15,,Theodore,DHB matrix cluster
EMBL_dev1_299,DHB; 3*M+1*(M-H2O)-1*H+0*K+1*Na,C28H21NaO15,,Theodore,DHB matrix cluster
EMBL_dev1_300,DHB; 3*M+1*(M-H2O)-2*H+0*K+2*Na,C28H20Na2O15,,Theodore,DHB matrix cluster
EMBL_dev1_301,DHB; 3*M+1*(M-H2O)-3*H+0*K+3*Na,C28H19Na3O15,,Theodore,DHB matrix cluster
EMBL_dev1_302,DHB; 3*M+1*(M-H2O)-1*H+1*K+0*Na,C28H21KO15,,Theodore,DHB matrix cluster
EMBL_dev1_303,DHB; 3*M+1*(M-H2O)-2*H+1*K+1*Na,C28H20NaKO15,,Theodore,DHB matrix cluster
EMBL_dev1_304,DHB; 3*M+1*(M-H2O)-3*H+1*K+2*Na,C28H19Na2KO15,,Theodore,DHB matrix cluster
EMBL_dev1_305,DHB; 3*M+1*(M-H2O)-4*H+1*K+3*Na,C28H18Na3KO15,,Theodore,DHB matrix cluster
EMBL_dev1_306,DHB; 3*M+1*(M-H2O)-2*H+2*K+0*Na,C28H20K2O15,,Theodore,DHB matrix cluster
EMBL_dev1_307,DHB; 3*M+1*(M-H2O)-3*H+2*K+1*Na,C28H19NaK2O15,,Theodore,DHB matrix cluster
EMBL_dev1_308,DHB; 3*M+1*(M-H2O)-4*H+2*K+2*Na,C28H18Na2K2O15,,Theodore,DHB matrix cluster
EMBL_dev1_309,DHB; 3*M+1*(M-H2O)-5*H+2*K+3*Na,C28H17Na3K2O15,,Theodore,DHB matrix cluster
EMBL_dev1_310,DHB; 3*M+1*(M-H2O)-3*H+3*K+0*Na,C28H19K3O15,,Theodore,DHB matrix cluster
EMBL_dev1_311,DHB; 3*M+1*(M-H2O)-4*H+3*K+1*Na,C28H18NaK3O15,,Theodore,DHB matrix cluster
EMBL_dev1_312,DHB; 3*M+1*(M-H2O)-5*H+3*K+2*Na,C28H17Na2K3O15,,Theodore,DHB matrix cluster
EMBL_dev1_313,DHB; 3*M+2*(M-H2O)-0*H+0*K+0*Na,C35H26O18,,Theodore,DHB matrix cluster
EMBL_dev1_314,DHB; 3*M+2*(M-H2O)-1*H+0*K+1*Na,C35H25NaO18,,Theodore,DHB matrix cluster
EMBL_dev1_315,DHB; 3*M+2*(M-H2O)-2*H+0*K+2*Na,C35H24Na2O18,,Theodore,DHB matrix cluster
EMBL_dev1_316,DHB; 3*M+2*(M-H2O)-3*H+0*K+3*Na,C35H23Na3O18,,Theodore,DHB matrix cluster
EMBL_dev1_317,DHB; 3*M+2*(M-H2O)-1*H+1*K+0*Na,C35H25KO18,,Theodore,DHB matrix cluster
EMBL_dev1_318,DHB; 3*M+2*(M-H2O)-2*H+1*K+1*Na,C35H24NaKO18,,Theodore,DHB matrix cluster
EMBL_dev1_319,DHB; 3*M+2*(M-H2O)-3*H+1*K+2*Na,C35H23Na2KO18,,Theodore,DHB matrix cluster
EMBL_dev1_320,DHB; 3*M+2*(M-H2O)-4*H+1*K+3*Na,C35H22Na3KO18,,Theodore,DHB matrix cluster
EMBL_dev1_321,DHB; 3*M+2*(M-H2O)-2*H+2*K+0*Na,C35H24K2O18,,Theodore,DHB matrix cluster
EMBL_dev1_322,DHB; 3*M+2*(M-H2O)-3*H+2*K+1*Na,C35H23NaK2O18,,Theodore,DHB matrix cluster
EMBL_dev1_323,DHB; 3*M+2*(M-H2O)-4*H+2*K+2*Na,C35H22Na2K2O18,,Theodore,DHB matrix cluster
EMBL_dev1_324,DHB; 3*M+2*(M-H2O)-5*H+2*K+3*Na,C35H21Na3K2O18,,Theodore,DHB matrix cluster
EMBL_dev1_325,DHB; 3*M+2*(M-H2O)-3*H+3*K+0*Na,C35H23K3O18,,Theodore,DHB matrix cluster
EMBL_dev1_326,DHB; 3*M+2*(M-H2O)-4*H+3*K+1*Na,C35H22NaK3O18,,Theodore,DHB matrix cluster
EMBL_dev1_327,DHB; 3*M+2*(M-H2O)-5*H+3*K+2*Na,C35H21Na2K3O18,,Theodore,DHB matrix cluster
EMBL_dev1_328,DHB; 3*M+2*(M-H2O)-6*H+3*K+3*Na,C35H20Na3K3O18,,Theodore,DHB matrix cluster
EMBL_dev1_329,DHB; 3*M+3*(M-H2O)-0*H+0*K+0*Na,C42H30O21,,Theodore,DHB matrix cluster
EMBL_dev1_330,DHB; 3*M+3*(M-H2O)-1*H+0*K+1*Na,C42H29NaO21,,Theodore,DHB matrix cluster
EMBL_dev1_331,DHB; 3*M+3*(M-H2O)-2*H+0*K+2*Na,C42H28Na2O21,,Theodore,DHB matrix cluster
EMBL_dev1_332,DHB; 3*M+3*(M-H2O)-3*H+0*K+3*Na,C42H27Na3O21,,Theodore,DHB matrix cluster
EMBL_dev1_333,DHB; 3*M+3*(M-H2O)-1*H+1*K+0*Na,C42H29KO21,,Theodore,DHB matrix cluster
EMBL_dev1_334,DHB; 3*M+3*(M-H2O)-2*H+1*K+1*Na,C42H28NaKO21,,Theodore,DHB matrix cluster
EMBL_dev1_335,DHB; 3*M+3*(M-H2O)-3*H+1*K+2*Na,C42H27Na2KO21,,Theodore,DHB matrix cluster
EMBL_dev1_336,DHB; 3*M+3*(M-H2O)-4*H+1*K+3*Na,C42H26Na3KO21,,Theodore,DHB matrix cluster
EMBL_dev1_337,DHB; 3*M+3*(M-H2O)-2*H+2*K+0*Na,C42H28K2O21,,Theodore,DHB matrix cluster
EMBL_dev1_338,DHB; 3*M+3*(M-H2O)-3*H+2*K+1*Na,C42H27NaK2O21,,Theodore,DHB matrix cluster
EMBL_dev1_339,DHB; 3*M+3*(M-H2O)-4*H+2*K+2*Na,C42H26Na2K2O21,,Theodore,DHB matrix cluster
EMBL_dev1_340,DHB; 3*M+3*(M-H2O)-3*H+3*K+0*Na,C42H27K3O21,,Theodore,DHB matrix cluster
EMBL_dev1_341,DHB; 4*M+0*(M-H2O)-0*H+0*K+0*Na,C28H24O16,,Theodore,DHB matrix cluster
EMBL_dev1_342,DHB; 4*M+0*(M-H2O)-1*H+0*K+1*Na,C28H23NaO16,,Theodore,DHB matrix cluster
EMBL_dev1_343,DHB; 4*M+0*(M-H2O)-2*H+0*K+2*Na,C28H22Na2O16,,Theodore,DHB matrix cluster
EMBL_dev1_344,DHB; 4*M+0*(M-H2O)-3*H+0*K+3*Na,C28H21Na3O16,,Theodore,DHB matrix cluster
EMBL_dev1_345,DHB; 4*M+0*(M-H2O)-1*H+1*K+0*Na,C28H23KO16,,Theodore,DHB matrix cluster
EMBL_dev1_346,DHB; 4*M+0*(M-H2O)-2*H+1*K+1*Na,C28H22NaKO16,,Theodore,DHB matrix cluster
EMBL_dev1_347,DHB; 4*M+0*(M-H2O)-3*H+1*K+2*Na,C28H21Na2KO16,,Theodore,DHB matrix cluster
EMBL_dev1_348,DHB; 4*M+0*(M-H2O)-4*H+1*K+3*Na,C28H20Na3KO16,,Theodore,DHB matrix cluster
EMBL_dev1_349,DHB; 4*M+0*(M-H2O)-2*H+2*K+0*Na,C28H22K2O16,,Theodore,DHB matrix cluster
EMBL_dev1_350,DHB; 4*M+0*(M-H2O)-3*H+2*K+1*Na,C28H21NaK2O16,,Theodore,DHB matrix cluster
EMBL_dev1_351,DHB; 4*M+0*(M-H2O)-4*H+2*K+2*Na,C28H20Na2K2O16,,Theodore,DHB matrix cluster
EMBL_dev1_352,DHB; 4*M+0*(M-H2O)-5*H+2*K+3*Na,C28H19Na3K2O16,,Theodore,DHB matrix cluster
EMBL_dev1_353,DHB; 4*M+0*(M-H2O)-3*H+3*K+0*Na,C28H21K3O16,,Theodore,DHB matrix cluster
EMBL_dev1_354,DHB; 4*M+0*(M-H2O)-4*H+3*K+1*Na,C28H20NaK3O16,,Theodore,DHB matrix cluster
EMBL_dev1_355,DHB; 4*M+0*(M-H2O)-5*H+3*K+2*Na,C28H19Na2K3O16,,Theodore,DHB matrix cluster
EMBL_dev1_356,DHB; 4*M+1*(M-H2O)-0*H+0*K+0*Na,C35H28O19,,Theodore,DHB matrix cluster
EMBL_dev1_357,DHB; 4*M+1*(M-H2O)-1*H+0*K+1*Na,C35H27NaO19,,Theodore,DHB matrix cluster
EMBL_dev1_358,DHB; 4*M+1*(M-H2O)-2*H+0*K+2*Na,C35H26Na2O19,,Theodore,DHB matrix cluster
EMBL_dev1_359,DHB; 4*M+1*(M-H2O)-3*H+0*K+3*Na,C35H25Na3O19,,Theodore,DHB matrix cluster
EMBL_dev1_360,DHB; 4*M+1*(M-H2O)-1*H+1*K+0*Na,C35H27KO19,,Theodore,DHB matrix cluster
EMBL_dev1_361,DHB; 4*M+1*(M-H2O)-2*H+1*K+1*Na,C35H26NaKO19,,Theodore,DHB matrix cluster
EMBL_dev1_362,DHB; 4*M+1*(M-H2O)-3*H+1*K+2*Na,C35H25Na2KO19,,Theodore,DHB matrix cluster
EMBL_dev1_363,DHB; 4*M+1*(M-H2O)-4*H+1*K+3*Na,C35H24Na3KO19,,Theodore,DHB matrix cluster
EMBL_dev1_364,DHB; 4*M+1*(M-H2O)-2*H+2*K+0*Na,C35H26K2O19,,Theodore,DHB matrix cluster
EMBL_dev1_365,DHB; 4*M+1*(M-H2O)-3*H+2*K+1*Na,C35H25NaK2O19,,Theodore,DHB matrix cluster
EMBL_dev1_366,DHB; 4*M+1*(M-H2O)-4*H+2*K+2*Na,C35H24Na2K2O19,,Theodore,DHB matrix cluster
EMBL_dev1_367,DHB; 4*M+1*(M-H2O)-5*H+2*K+3*Na,C35H23Na3K2O19,,Theodore,DHB matrix cluster
EMBL_dev1_368,DHB; 4*M+1*(M-H2O)-3*H+3*K+0*Na,C35H25K3O19,,Theodore,DHB matrix cluster
EMBL_dev1_369,DHB; 4*M+1*(M-H2O)-4*H+3*K+1*Na,C35H24NaK3O19,,Theodore,DHB matrix cluster
EMBL_dev1_370,DHB; 4*M+1*(M-H2O)-5*H+3*K+2*Na,C35H23Na2K3O19,,Theodore,DHB matrix cluster
EMBL_dev1_371,DHB; 4*M+1*(M-H2O)-6*H+3*K+3*Na,C35H22Na3K3O19,,Theodore,DHB matrix cluster
EMBL_dev1_372,DHB; 4*M+2*(M-H2O)-0*H+0*K+0*Na,C42H32O22,,Theodore,DHB matrix cluster
EMBL_dev1_373,DHB; 4*M+2*(M-H2O)-1*H+0*K+1*Na,C42H31NaO22,,Theodore,DHB matrix cluster
EMBL_dev1_374,DHB; 4*M+2*(M-H2O)-2*H+0*K+2*Na,C42H30Na2O22,,Theodore,DHB matrix cluster
EMBL_dev1_375,DHB; 4*M+2*(M-H2O)-3*H+0*K+3*Na,C42H29Na3O22,,Theodore,DHB matrix cluster
EMBL_dev1_376,DHB; 4*M+2*(M-H2O)-1*H+1*K+0*Na,C42H31KO22,,Theodore,DHB matrix cluster
EMBL_dev1_377,DHB; 4*M+2*(M-H2O)-2*H+1*K+1*Na,C42H30NaKO22,,Theodore,DHB matrix cluster
EMBL_dev1_378,DHB; 4*M+2*(M-H2O)-3*H+1*K+2*Na,C42H29Na2KO22,,Theodore,DHB matrix cluster
EMBL_dev1_379,DHB; 4*M+2*(M-H2O)-4*H+1*K+3*Na,C42H28Na3KO22,,Theodore,DHB matrix cluster
EMBL_dev1_380,DHB; 4*M+2*(M-H2O)-2*H+2*K+0*Na,C42H30K2O22,,Theodore,DHB matrix cluster
EMBL_dev1_381,DHB; 4*M+2*(M-H2O)-3*H+2*K+1*Na,C42H29NaK2O22,,Theodore,DHB matrix cluster
EMBL_dev1_382,DHB; 5*M+0*(M-H2O)-0*H+0*K+0*Na,C35H30O20,,Theodore,DHB matrix cluster
EMBL_dev1_383,DHB; 5*M+0*(M-H2O)-1*H+0*K+1*Na,C35H29NaO20,,Theodore,DHB matrix cluster
EMBL_dev1_384,DHB; 5*M+0*(M-H2O)-2*H+0*K+2*Na,C35H28Na2O20,,Theodore,DHB matrix cluster
EMBL_dev1_385,DHB; 5*M+0*(M-H2O)-3*H+0*K+3*Na,C35H27Na3O20,,Theodore,DHB matrix cluster
EMBL_dev1_386,DHB; 5*M+0*(M-H2O)-1*H+1*K+0*Na,C35H29KO20,,Theodore,DHB matrix cluster
EMBL_dev1_387,DHB; 5*M+0*(M-H2O)-2*H+1*K+1*Na,C35H28NaKO20,,Theodore,DHB matrix cluster
EMBL_dev1_388,DHB; 5*M+0*(M-H2O)-3*H+1*K+2*Na,C35H27Na2KO20,,Theodore,DHB matrix cluster
EMBL_dev1_389,DHB; 5*M+0*(M-H2O)-4*H+1*K+3*Na,C35H26Na3KO20,,Theodore,DHB matrix cluster
EMBL_dev1_390,DHB; 5*M+0*(M-H2O)-2*H+2*K+0*Na,C35H28K2O20,,Theodore,DHB matrix cluster
EMBL_dev1_391,DHB; 5*M+0*(M-H2O)-3*H+2*K+1*Na,C35H27NaK2O20,,Theodore,DHB matrix cluster
EMBL_dev1_392,DHB; 5*M+0*(M-H2O)-4*H+2*K+2*Na,C35H26Na2K2O20,,Theodore,DHB matrix cluster
EMBL_dev1_393,DHB; 5*M+0*(M-H2O)-5*H+2*K+3*Na,C35H25Na3K2O20,,Theodore,DHB matrix cluster
EMBL_dev1_394,DHB; 5*M+0*(M-H2O)-3*H+3*K+0*Na,C35H27K3O20,,Theodore,DHB matrix cluster
EMBL_dev1_395,DHB; 5*M+0*(M-H2O)-4*H+3*K+1*Na,C35H26NaK3O20,,Theodore,DHB matrix cluster
EMBL_dev1_396,DHB; 5*M+0*(M-H2O)-5*H+3*K+2*Na,C35H25Na2K3O20,,Theodore,DHB matrix cluster
EMBL_dev1_397,DHB; 5*M+0*(M-H2O)-6*H+3*K+3*Na,C35H24Na3K3O20,,Theodore,DHB matrix cluster
EMBL_dev1_398,DHB; 5*M+1*(M-H2O)-0*H+0*K+0*Na,C42H34O23,,Theodore,DHB matrix cluster
EMBL_dev1_399,DHB; 5*M+1*(M-H2O)-1*H+0*K+1*Na,C42H33NaO23,,Theodore,DHB matrix cluster
EMBL_dev1_400,DHB; 5*M+1*(M-H2O)-2*H+0*K+2*Na,C42H32Na2O23,,Theodore,DHB matrix cluster
EMBL_dev1_401,DHB; 5*M+1*(M-H2O)-3*H+0*K+3*Na,C42H31Na3O23,,Theodore,DHB matrix cluster
EMBL_dev1_402,DHB; 5*M+1*(M-H2O)-1*H+1*K+0*Na,C42H33KO23,,Theodore,DHB matrix cluster
EMBL_dev1_403,DHB; 5*M+1*(M-H2O)-2*H+1*K+1*Na,C42H32NaKO23,,Theodore,DHB matrix cluster
EMBL_dev1_404,DHB; 5*M+1*(M-H2O)-3*H+1*K+2*Na,C42H31Na2KO23,,Theodore,DHB matrix cluster
EMBL_dev1_405,DHB; 5*M+1*(M-H2O)-2*H+2*K+0*Na,C42H32K2O23,,Theodore,DHB matrix cluster
EMBL_dev1_406,DHB; 6*M+0*(M-H2O)-0*H+0*K+0*Na,C42H36O24,,Theodore,DHB matrix cluster
EMBL_dev1_407,DHB; 6*M+0*(M-H2O)-1*H+0*K+1*Na,C42H35NaO24,,Theodore,DHB matrix cluster
EMBL_dev1_408,DHB; 6*M+0*(M-H2O)-2*H+0*K+2*Na,C42H34Na2O24,,Theodore,DHB matrix cluster
EMBL_dev1_409,DHB; 6*M+0*(M-H2O)-3*H+0*K+3*Na,C42H33Na3O24,,Theodore,DHB matrix cluster
EMBL_dev1_410,DHB; 6*M+0*(M-H2O)-1*H+1*K+0*Na,C42H35KO24,,Theodore,DHB matrix cluster
EMBL_dev1_411,DHB; 6*M+0*(M-H2O)-2*H+1*K+1*Na,C42H34NaKO24,,Theodore,DHB matrix cluster
